Provincias;Sexo;Edad (grupos quinquenales);Tipo de dato;Periodo;Total
Total Nacional;Total;De 0 a 4 años;Dato base;2020SM53;13
Total Nacional;Total;De 0 a 4 años;Dato base;2020SM52;24
Total Nacional;Total;De 0 a 4 años;Dato base;2020SM51;32
Total Nacional;Total;De 0 a 4 años;Dato base;2020SM50;19
Total Nacional;Total;De 0 a 4 años;Dato base;2020SM49;27
Total Nacional;Total;De 0 a 4 años;Dato base;2020SM48;21
Total Nacional;Total;De 0 a 4 años;Dato base;2020SM47;20
Total Nacional;Total;De 0 a 4 años;Dato base;2020SM46;20
Total Nacional;Total;De 0 a 4 años;Dato base;2020SM45;14
Total Nacional;Total;De 0 a 4 años;Dato base;2020SM44;14
Total Nacional;Total;De 0 a 4 años;Dato base;2020SM43;18
Total Nacional;Total;De 0 a 4 años;Dato base;2020SM42;23
Total Nacional;Total;De 0 a 4 años;Dato base;2020SM41;16
Total Nacional;Total;De 0 a 4 años;Dato base;2020SM40;18
Total Nacional;Total;De 0 a 4 años;Dato base;2020SM39;26
Total Nacional;Total;De 0 a 4 años;Dato base;2020SM38;27
Total Nacional;Total;De 0 a 4 años;Dato base;2020SM37;18
Total Nacional;Total;De 0 a 4 años;Dato base;2020SM36;10
Total Nacional;Total;De 0 a 4 años;Dato base;2020SM35;30
Total Nacional;Total;De 0 a 4 años;Dato base;2020SM34;16
Total Nacional;Total;De 0 a 4 años;Dato base;2020SM33;11
Total Nacional;Total;De 0 a 4 años;Dato base;2020SM32;23
Total Nacional;Total;De 0 a 4 años;Dato base;2020SM31;27
Total Nacional;Total;De 0 a 4 años;Dato base;2020SM30;35
Total Nacional;Total;De 0 a 4 años;Dato base;2020SM29;24
Total Nacional;Total;De 0 a 4 años;Dato base;2020SM28;18
Total Nacional;Total;De 0 a 4 años;Dato base;2020SM27;22
Total Nacional;Total;De 0 a 4 años;Dato base;2020SM26;25
Total Nacional;Total;De 0 a 4 años;Dato base;2020SM25;21
Total Nacional;Total;De 0 a 4 años;Dato base;2020SM24;21
Total Nacional;Total;De 0 a 4 años;Dato base;2020SM23;21
Total Nacional;Total;De 0 a 4 años;Dato base;2020SM22;29
Total Nacional;Total;De 0 a 4 años;Dato base;2020SM21;10
Total Nacional;Total;De 0 a 4 años;Dato base;2020SM20;13
Total Nacional;Total;De 0 a 4 años;Dato base;2020SM19;27
Total Nacional;Total;De 0 a 4 años;Dato base;2020SM18;12
Total Nacional;Total;De 0 a 4 años;Dato base;2020SM17;27
Total Nacional;Total;De 0 a 4 años;Dato base;2020SM16;28
Total Nacional;Total;De 0 a 4 años;Dato base;2020SM15;30
Total Nacional;Total;De 0 a 4 años;Dato base;2020SM14;20
Total Nacional;Total;De 0 a 4 años;Dato base;2020SM13;15
Total Nacional;Total;De 0 a 4 años;Dato base;2020SM12;24
Total Nacional;Total;De 0 a 4 años;Dato base;2020SM11;22
Total Nacional;Total;De 0 a 4 años;Dato base;2020SM10;26
Total Nacional;Total;De 0 a 4 años;Dato base;2020SM09;24
Total Nacional;Total;De 0 a 4 años;Dato base;2020SM08;29
Total Nacional;Total;De 0 a 4 años;Dato base;2020SM07;27
Total Nacional;Total;De 0 a 4 años;Dato base;2020SM06;33
Total Nacional;Total;De 0 a 4 años;Dato base;2020SM05;30
Total Nacional;Total;De 0 a 4 años;Dato base;2020SM04;31
Total Nacional;Total;De 0 a 4 años;Dato base;2020SM03;26
Total Nacional;Total;De 0 a 4 años;Dato base;2020SM02;33
Total Nacional;Total;De 0 a 4 años;Dato base;2020SM01;21
Total Nacional;Total;De 5 a 9 años;Dato base;2020SM53;2
Total Nacional;Total;De 5 a 9 años;Dato base;2020SM52;7
Total Nacional;Total;De 5 a 9 años;Dato base;2020SM51;1
Total Nacional;Total;De 5 a 9 años;Dato base;2020SM50;0
Total Nacional;Total;De 5 a 9 años;Dato base;2020SM49;0
Total Nacional;Total;De 5 a 9 años;Dato base;2020SM48;5
Total Nacional;Total;De 5 a 9 años;Dato base;2020SM47;0
Total Nacional;Total;De 5 a 9 años;Dato base;2020SM46;1
Total Nacional;Total;De 5 a 9 años;Dato base;2020SM45;2
Total Nacional;Total;De 5 a 9 años;Dato base;2020SM44;4
Total Nacional;Total;De 5 a 9 años;Dato base;2020SM43;3
Total Nacional;Total;De 5 a 9 años;Dato base;2020SM42;0
Total Nacional;Total;De 5 a 9 años;Dato base;2020SM41;2
Total Nacional;Total;De 5 a 9 años;Dato base;2020SM40;2
Total Nacional;Total;De 5 a 9 años;Dato base;2020SM39;2
Total Nacional;Total;De 5 a 9 años;Dato base;2020SM38;1
Total Nacional;Total;De 5 a 9 años;Dato base;2020SM37;6
Total Nacional;Total;De 5 a 9 años;Dato base;2020SM36;1
Total Nacional;Total;De 5 a 9 años;Dato base;2020SM35;4
Total Nacional;Total;De 5 a 9 años;Dato base;2020SM34;1
Total Nacional;Total;De 5 a 9 años;Dato base;2020SM33;1
Total Nacional;Total;De 5 a 9 años;Dato base;2020SM32;1
Total Nacional;Total;De 5 a 9 años;Dato base;2020SM31;5
Total Nacional;Total;De 5 a 9 años;Dato base;2020SM30;2
Total Nacional;Total;De 5 a 9 años;Dato base;2020SM29;3
Total Nacional;Total;De 5 a 9 años;Dato base;2020SM28;5
Total Nacional;Total;De 5 a 9 años;Dato base;2020SM27;5
Total Nacional;Total;De 5 a 9 años;Dato base;2020SM26;3
Total Nacional;Total;De 5 a 9 años;Dato base;2020SM25;0
Total Nacional;Total;De 5 a 9 años;Dato base;2020SM24;3
Total Nacional;Total;De 5 a 9 años;Dato base;2020SM23;7
Total Nacional;Total;De 5 a 9 años;Dato base;2020SM22;4
Total Nacional;Total;De 5 a 9 años;Dato base;2020SM21;2
Total Nacional;Total;De 5 a 9 años;Dato base;2020SM20;1
Total Nacional;Total;De 5 a 9 años;Dato base;2020SM19;1
Total Nacional;Total;De 5 a 9 años;Dato base;2020SM18;0
Total Nacional;Total;De 5 a 9 años;Dato base;2020SM17;2
Total Nacional;Total;De 5 a 9 años;Dato base;2020SM16;1
Total Nacional;Total;De 5 a 9 años;Dato base;2020SM15;0
Total Nacional;Total;De 5 a 9 años;Dato base;2020SM14;2
Total Nacional;Total;De 5 a 9 años;Dato base;2020SM13;4
Total Nacional;Total;De 5 a 9 años;Dato base;2020SM12;1
Total Nacional;Total;De 5 a 9 años;Dato base;2020SM11;2
Total Nacional;Total;De 5 a 9 años;Dato base;2020SM10;2
Total Nacional;Total;De 5 a 9 años;Dato base;2020SM09;0
Total Nacional;Total;De 5 a 9 años;Dato base;2020SM08;4
Total Nacional;Total;De 5 a 9 años;Dato base;2020SM07;3
Total Nacional;Total;De 5 a 9 años;Dato base;2020SM06;6
Total Nacional;Total;De 5 a 9 años;Dato base;2020SM05;6
Total Nacional;Total;De 5 a 9 años;Dato base;2020SM04;6
Total Nacional;Total;De 5 a 9 años;Dato base;2020SM03;4
Total Nacional;Total;De 5 a 9 años;Dato base;2020SM02;3
Total Nacional;Total;De 5 a 9 años;Dato base;2020SM01;2
Total Nacional;Total;De 10 a 14 años  ;Dato base;2020SM53;7
Total Nacional;Total;De 10 a 14 años  ;Dato base;2020SM52;5
Total Nacional;Total;De 10 a 14 años  ;Dato base;2020SM51;3
Total Nacional;Total;De 10 a 14 años  ;Dato base;2020SM50;3
Total Nacional;Total;De 10 a 14 años  ;Dato base;2020SM49;2
Total Nacional;Total;De 10 a 14 años  ;Dato base;2020SM48;2
Total Nacional;Total;De 10 a 14 años  ;Dato base;2020SM47;2
Total Nacional;Total;De 10 a 14 años  ;Dato base;2020SM46;4
Total Nacional;Total;De 10 a 14 años  ;Dato base;2020SM45;5
Total Nacional;Total;De 10 a 14 años  ;Dato base;2020SM44;2
Total Nacional;Total;De 10 a 14 años  ;Dato base;2020SM43;8
Total Nacional;Total;De 10 a 14 años  ;Dato base;2020SM42;4
Total Nacional;Total;De 10 a 14 años  ;Dato base;2020SM41;6
Total Nacional;Total;De 10 a 14 años  ;Dato base;2020SM40;3
Total Nacional;Total;De 10 a 14 años  ;Dato base;2020SM39;3
Total Nacional;Total;De 10 a 14 años  ;Dato base;2020SM38;5
Total Nacional;Total;De 10 a 14 años  ;Dato base;2020SM37;4
Total Nacional;Total;De 10 a 14 años  ;Dato base;2020SM36;5
Total Nacional;Total;De 10 a 14 años  ;Dato base;2020SM35;5
Total Nacional;Total;De 10 a 14 años  ;Dato base;2020SM34;8
Total Nacional;Total;De 10 a 14 años  ;Dato base;2020SM33;4
Total Nacional;Total;De 10 a 14 años  ;Dato base;2020SM32;5
Total Nacional;Total;De 10 a 14 años  ;Dato base;2020SM31;2
Total Nacional;Total;De 10 a 14 años  ;Dato base;2020SM30;5
Total Nacional;Total;De 10 a 14 años  ;Dato base;2020SM29;2
Total Nacional;Total;De 10 a 14 años  ;Dato base;2020SM28;2
Total Nacional;Total;De 10 a 14 años  ;Dato base;2020SM27;4
Total Nacional;Total;De 10 a 14 años  ;Dato base;2020SM26;4
Total Nacional;Total;De 10 a 14 años  ;Dato base;2020SM25;3
Total Nacional;Total;De 10 a 14 años  ;Dato base;2020SM24;2
Total Nacional;Total;De 10 a 14 años  ;Dato base;2020SM23;2
Total Nacional;Total;De 10 a 14 años  ;Dato base;2020SM22;4
Total Nacional;Total;De 10 a 14 años  ;Dato base;2020SM21;5
Total Nacional;Total;De 10 a 14 años  ;Dato base;2020SM20;3
Total Nacional;Total;De 10 a 14 años  ;Dato base;2020SM19;0
Total Nacional;Total;De 10 a 14 años  ;Dato base;2020SM18;5
Total Nacional;Total;De 10 a 14 años  ;Dato base;2020SM17;3
Total Nacional;Total;De 10 a 14 años  ;Dato base;2020SM16;4
Total Nacional;Total;De 10 a 14 años  ;Dato base;2020SM15;4
Total Nacional;Total;De 10 a 14 años  ;Dato base;2020SM14;1
Total Nacional;Total;De 10 a 14 años  ;Dato base;2020SM13;7
Total Nacional;Total;De 10 a 14 años  ;Dato base;2020SM12;3
Total Nacional;Total;De 10 a 14 años  ;Dato base;2020SM11;3
Total Nacional;Total;De 10 a 14 años  ;Dato base;2020SM10;4
Total Nacional;Total;De 10 a 14 años  ;Dato base;2020SM09;1
Total Nacional;Total;De 10 a 14 años  ;Dato base;2020SM08;0
Total Nacional;Total;De 10 a 14 años  ;Dato base;2020SM07;0
Total Nacional;Total;De 10 a 14 años  ;Dato base;2020SM06;3
Total Nacional;Total;De 10 a 14 años  ;Dato base;2020SM05;2
Total Nacional;Total;De 10 a 14 años  ;Dato base;2020SM04;6
Total Nacional;Total;De 10 a 14 años  ;Dato base;2020SM03;3
Total Nacional;Total;De 10 a 14 años  ;Dato base;2020SM02;4
Total Nacional;Total;De 10 a 14 años  ;Dato base;2020SM01;3
Total Nacional;Total;De 15 a 19 años  ;Dato base;2020SM53;6
Total Nacional;Total;De 15 a 19 años  ;Dato base;2020SM52;5
Total Nacional;Total;De 15 a 19 años  ;Dato base;2020SM51;6
Total Nacional;Total;De 15 a 19 años  ;Dato base;2020SM50;9
Total Nacional;Total;De 15 a 19 años  ;Dato base;2020SM49;7
Total Nacional;Total;De 15 a 19 años  ;Dato base;2020SM48;6
Total Nacional;Total;De 15 a 19 años  ;Dato base;2020SM47;3
Total Nacional;Total;De 15 a 19 años  ;Dato base;2020SM46;5
Total Nacional;Total;De 15 a 19 años  ;Dato base;2020SM45;12
Total Nacional;Total;De 15 a 19 años  ;Dato base;2020SM44;8
Total Nacional;Total;De 15 a 19 años  ;Dato base;2020SM43;13
Total Nacional;Total;De 15 a 19 años  ;Dato base;2020SM42;11
Total Nacional;Total;De 15 a 19 años  ;Dato base;2020SM41;5
Total Nacional;Total;De 15 a 19 años  ;Dato base;2020SM40;5
Total Nacional;Total;De 15 a 19 años  ;Dato base;2020SM39;10
Total Nacional;Total;De 15 a 19 años  ;Dato base;2020SM38;8
Total Nacional;Total;De 15 a 19 años  ;Dato base;2020SM37;8
Total Nacional;Total;De 15 a 19 años  ;Dato base;2020SM36;6
Total Nacional;Total;De 15 a 19 años  ;Dato base;2020SM35;8
Total Nacional;Total;De 15 a 19 años  ;Dato base;2020SM34;6
Total Nacional;Total;De 15 a 19 años  ;Dato base;2020SM33;11
Total Nacional;Total;De 15 a 19 años  ;Dato base;2020SM32;7
Total Nacional;Total;De 15 a 19 años  ;Dato base;2020SM31;7
Total Nacional;Total;De 15 a 19 años  ;Dato base;2020SM30;9
Total Nacional;Total;De 15 a 19 años  ;Dato base;2020SM29;11
Total Nacional;Total;De 15 a 19 años  ;Dato base;2020SM28;4
Total Nacional;Total;De 15 a 19 años  ;Dato base;2020SM27;10
Total Nacional;Total;De 15 a 19 años  ;Dato base;2020SM26;8
Total Nacional;Total;De 15 a 19 años  ;Dato base;2020SM25;8
Total Nacional;Total;De 15 a 19 años  ;Dato base;2020SM24;10
Total Nacional;Total;De 15 a 19 años  ;Dato base;2020SM23;4
Total Nacional;Total;De 15 a 19 años  ;Dato base;2020SM22;10
Total Nacional;Total;De 15 a 19 años  ;Dato base;2020SM21;4
Total Nacional;Total;De 15 a 19 años  ;Dato base;2020SM20;5
Total Nacional;Total;De 15 a 19 años  ;Dato base;2020SM19;6
Total Nacional;Total;De 15 a 19 años  ;Dato base;2020SM18;7
Total Nacional;Total;De 15 a 19 años  ;Dato base;2020SM17;3
Total Nacional;Total;De 15 a 19 años  ;Dato base;2020SM16;5
Total Nacional;Total;De 15 a 19 años  ;Dato base;2020SM15;4
Total Nacional;Total;De 15 a 19 años  ;Dato base;2020SM14;5
Total Nacional;Total;De 15 a 19 años  ;Dato base;2020SM13;8
Total Nacional;Total;De 15 a 19 años  ;Dato base;2020SM12;6
Total Nacional;Total;De 15 a 19 años  ;Dato base;2020SM11;6
Total Nacional;Total;De 15 a 19 años  ;Dato base;2020SM10;6
Total Nacional;Total;De 15 a 19 años  ;Dato base;2020SM09;9
Total Nacional;Total;De 15 a 19 años  ;Dato base;2020SM08;5
Total Nacional;Total;De 15 a 19 años  ;Dato base;2020SM07;9
Total Nacional;Total;De 15 a 19 años  ;Dato base;2020SM06;4
Total Nacional;Total;De 15 a 19 años  ;Dato base;2020SM05;10
Total Nacional;Total;De 15 a 19 años  ;Dato base;2020SM04;5
Total Nacional;Total;De 15 a 19 años  ;Dato base;2020SM03;11
Total Nacional;Total;De 15 a 19 años  ;Dato base;2020SM02;11
Total Nacional;Total;De 15 a 19 años  ;Dato base;2020SM01;3
Total Nacional;Total;De 20 a 24 años;Dato base;2020SM53;11
Total Nacional;Total;De 20 a 24 años;Dato base;2020SM52;12
Total Nacional;Total;De 20 a 24 años;Dato base;2020SM51;8
Total Nacional;Total;De 20 a 24 años;Dato base;2020SM50;10
Total Nacional;Total;De 20 a 24 años;Dato base;2020SM49;13
Total Nacional;Total;De 20 a 24 años;Dato base;2020SM48;16
Total Nacional;Total;De 20 a 24 años;Dato base;2020SM47;12
Total Nacional;Total;De 20 a 24 años;Dato base;2020SM46;16
Total Nacional;Total;De 20 a 24 años;Dato base;2020SM45;11
Total Nacional;Total;De 20 a 24 años;Dato base;2020SM44;11
Total Nacional;Total;De 20 a 24 años;Dato base;2020SM43;9
Total Nacional;Total;De 20 a 24 años;Dato base;2020SM42;11
Total Nacional;Total;De 20 a 24 años;Dato base;2020SM41;9
Total Nacional;Total;De 20 a 24 años;Dato base;2020SM40;14
Total Nacional;Total;De 20 a 24 años;Dato base;2020SM39;14
Total Nacional;Total;De 20 a 24 años;Dato base;2020SM38;5
Total Nacional;Total;De 20 a 24 años;Dato base;2020SM37;15
Total Nacional;Total;De 20 a 24 años;Dato base;2020SM36;12
Total Nacional;Total;De 20 a 24 años;Dato base;2020SM35;22
Total Nacional;Total;De 20 a 24 años;Dato base;2020SM34;15
Total Nacional;Total;De 20 a 24 años;Dato base;2020SM33;8
Total Nacional;Total;De 20 a 24 años;Dato base;2020SM32;10
Total Nacional;Total;De 20 a 24 años;Dato base;2020SM31;17
Total Nacional;Total;De 20 a 24 años;Dato base;2020SM30;10
Total Nacional;Total;De 20 a 24 años;Dato base;2020SM29;14
Total Nacional;Total;De 20 a 24 años;Dato base;2020SM28;9
Total Nacional;Total;De 20 a 24 años;Dato base;2020SM27;15
Total Nacional;Total;De 20 a 24 años;Dato base;2020SM26;7
Total Nacional;Total;De 20 a 24 años;Dato base;2020SM25;11
Total Nacional;Total;De 20 a 24 años;Dato base;2020SM24;8
Total Nacional;Total;De 20 a 24 años;Dato base;2020SM23;4
Total Nacional;Total;De 20 a 24 años;Dato base;2020SM22;9
Total Nacional;Total;De 20 a 24 años;Dato base;2020SM21;7
Total Nacional;Total;De 20 a 24 años;Dato base;2020SM20;5
Total Nacional;Total;De 20 a 24 años;Dato base;2020SM19;11
Total Nacional;Total;De 20 a 24 años;Dato base;2020SM18;5
Total Nacional;Total;De 20 a 24 años;Dato base;2020SM17;7
Total Nacional;Total;De 20 a 24 años;Dato base;2020SM16;12
Total Nacional;Total;De 20 a 24 años;Dato base;2020SM15;4
Total Nacional;Total;De 20 a 24 años;Dato base;2020SM14;11
Total Nacional;Total;De 20 a 24 años;Dato base;2020SM13;7
Total Nacional;Total;De 20 a 24 años;Dato base;2020SM12;8
Total Nacional;Total;De 20 a 24 años;Dato base;2020SM11;11
Total Nacional;Total;De 20 a 24 años;Dato base;2020SM10;9
Total Nacional;Total;De 20 a 24 años;Dato base;2020SM09;13
Total Nacional;Total;De 20 a 24 años;Dato base;2020SM08;7
Total Nacional;Total;De 20 a 24 años;Dato base;2020SM07;16
Total Nacional;Total;De 20 a 24 años;Dato base;2020SM06;7
Total Nacional;Total;De 20 a 24 años;Dato base;2020SM05;21
Total Nacional;Total;De 20 a 24 años;Dato base;2020SM04;14
Total Nacional;Total;De 20 a 24 años;Dato base;2020SM03;9
Total Nacional;Total;De 20 a 24 años;Dato base;2020SM02;9
Total Nacional;Total;De 20 a 24 años;Dato base;2020SM01;11
Total Nacional;Total;De 25 a 29 años;Dato base;2020SM53;11
Total Nacional;Total;De 25 a 29 años;Dato base;2020SM52;19
Total Nacional;Total;De 25 a 29 años;Dato base;2020SM51;15
Total Nacional;Total;De 25 a 29 años;Dato base;2020SM50;18
Total Nacional;Total;De 25 a 29 años;Dato base;2020SM49;14
Total Nacional;Total;De 25 a 29 años;Dato base;2020SM48;8
Total Nacional;Total;De 25 a 29 años;Dato base;2020SM47;17
Total Nacional;Total;De 25 a 29 años;Dato base;2020SM46;9
Total Nacional;Total;De 25 a 29 años;Dato base;2020SM45;8
Total Nacional;Total;De 25 a 29 años;Dato base;2020SM44;16
Total Nacional;Total;De 25 a 29 años;Dato base;2020SM43;11
Total Nacional;Total;De 25 a 29 años;Dato base;2020SM42;7
Total Nacional;Total;De 25 a 29 años;Dato base;2020SM41;14
Total Nacional;Total;De 25 a 29 años;Dato base;2020SM40;18
Total Nacional;Total;De 25 a 29 años;Dato base;2020SM39;16
Total Nacional;Total;De 25 a 29 años;Dato base;2020SM38;10
Total Nacional;Total;De 25 a 29 años;Dato base;2020SM37;10
Total Nacional;Total;De 25 a 29 años;Dato base;2020SM36;10
Total Nacional;Total;De 25 a 29 años;Dato base;2020SM35;19
Total Nacional;Total;De 25 a 29 años;Dato base;2020SM34;25
Total Nacional;Total;De 25 a 29 años;Dato base;2020SM33;19
Total Nacional;Total;De 25 a 29 años;Dato base;2020SM32;21
Total Nacional;Total;De 25 a 29 años;Dato base;2020SM31;24
Total Nacional;Total;De 25 a 29 años;Dato base;2020SM30;13
Total Nacional;Total;De 25 a 29 años;Dato base;2020SM29;11
Total Nacional;Total;De 25 a 29 años;Dato base;2020SM28;16
Total Nacional;Total;De 25 a 29 años;Dato base;2020SM27;15
Total Nacional;Total;De 25 a 29 años;Dato base;2020SM26;15
Total Nacional;Total;De 25 a 29 años;Dato base;2020SM25;8
Total Nacional;Total;De 25 a 29 años;Dato base;2020SM24;8
Total Nacional;Total;De 25 a 29 años;Dato base;2020SM23;15
Total Nacional;Total;De 25 a 29 años;Dato base;2020SM22;16
Total Nacional;Total;De 25 a 29 años;Dato base;2020SM21;10
Total Nacional;Total;De 25 a 29 años;Dato base;2020SM20;17
Total Nacional;Total;De 25 a 29 años;Dato base;2020SM19;13
Total Nacional;Total;De 25 a 29 años;Dato base;2020SM18;11
Total Nacional;Total;De 25 a 29 años;Dato base;2020SM17;12
Total Nacional;Total;De 25 a 29 años;Dato base;2020SM16;8
Total Nacional;Total;De 25 a 29 años;Dato base;2020SM15;18
Total Nacional;Total;De 25 a 29 años;Dato base;2020SM14;20
Total Nacional;Total;De 25 a 29 años;Dato base;2020SM13;16
Total Nacional;Total;De 25 a 29 años;Dato base;2020SM12;15
Total Nacional;Total;De 25 a 29 años;Dato base;2020SM11;13
Total Nacional;Total;De 25 a 29 años;Dato base;2020SM10;12
Total Nacional;Total;De 25 a 29 años;Dato base;2020SM09;10
Total Nacional;Total;De 25 a 29 años;Dato base;2020SM08;14
Total Nacional;Total;De 25 a 29 años;Dato base;2020SM07;23
Total Nacional;Total;De 25 a 29 años;Dato base;2020SM06;22
Total Nacional;Total;De 25 a 29 años;Dato base;2020SM05;22
Total Nacional;Total;De 25 a 29 años;Dato base;2020SM04;11
Total Nacional;Total;De 25 a 29 años;Dato base;2020SM03;14
Total Nacional;Total;De 25 a 29 años;Dato base;2020SM02;18
Total Nacional;Total;De 25 a 29 años;Dato base;2020SM01;14
Total Nacional;Total;De 30 a 34 años;Dato base;2020SM53;18
Total Nacional;Total;De 30 a 34 años;Dato base;2020SM52;21
Total Nacional;Total;De 30 a 34 años;Dato base;2020SM51;21
Total Nacional;Total;De 30 a 34 años;Dato base;2020SM50;31
Total Nacional;Total;De 30 a 34 años;Dato base;2020SM49;22
Total Nacional;Total;De 30 a 34 años;Dato base;2020SM48;19
Total Nacional;Total;De 30 a 34 años;Dato base;2020SM47;13
Total Nacional;Total;De 30 a 34 años;Dato base;2020SM46;20
Total Nacional;Total;De 30 a 34 años;Dato base;2020SM45;21
Total Nacional;Total;De 30 a 34 años;Dato base;2020SM44;21
Total Nacional;Total;De 30 a 34 años;Dato base;2020SM43;24
Total Nacional;Total;De 30 a 34 años;Dato base;2020SM42;21
Total Nacional;Total;De 30 a 34 años;Dato base;2020SM41;28
Total Nacional;Total;De 30 a 34 años;Dato base;2020SM40;26
Total Nacional;Total;De 30 a 34 años;Dato base;2020SM39;23
Total Nacional;Total;De 30 a 34 años;Dato base;2020SM38;32
Total Nacional;Total;De 30 a 34 años;Dato base;2020SM37;29
Total Nacional;Total;De 30 a 34 años;Dato base;2020SM36;30
Total Nacional;Total;De 30 a 34 años;Dato base;2020SM35;24
Total Nacional;Total;De 30 a 34 años;Dato base;2020SM34;29
Total Nacional;Total;De 30 a 34 años;Dato base;2020SM33;29
Total Nacional;Total;De 30 a 34 años;Dato base;2020SM32;18
Total Nacional;Total;De 30 a 34 años;Dato base;2020SM31;24
Total Nacional;Total;De 30 a 34 años;Dato base;2020SM30;20
Total Nacional;Total;De 30 a 34 años;Dato base;2020SM29;22
Total Nacional;Total;De 30 a 34 años;Dato base;2020SM28;28
Total Nacional;Total;De 30 a 34 años;Dato base;2020SM27;14
Total Nacional;Total;De 30 a 34 años;Dato base;2020SM26;11
Total Nacional;Total;De 30 a 34 años;Dato base;2020SM25;19
Total Nacional;Total;De 30 a 34 años;Dato base;2020SM24;28
Total Nacional;Total;De 30 a 34 años;Dato base;2020SM23;22
Total Nacional;Total;De 30 a 34 años;Dato base;2020SM22;17
Total Nacional;Total;De 30 a 34 años;Dato base;2020SM21;13
Total Nacional;Total;De 30 a 34 años;Dato base;2020SM20;21
Total Nacional;Total;De 30 a 34 años;Dato base;2020SM19;22
Total Nacional;Total;De 30 a 34 años;Dato base;2020SM18;20
Total Nacional;Total;De 30 a 34 años;Dato base;2020SM17;21
Total Nacional;Total;De 30 a 34 años;Dato base;2020SM16;21
Total Nacional;Total;De 30 a 34 años;Dato base;2020SM15;21
Total Nacional;Total;De 30 a 34 años;Dato base;2020SM14;17
Total Nacional;Total;De 30 a 34 años;Dato base;2020SM13;25
Total Nacional;Total;De 30 a 34 años;Dato base;2020SM12;26
Total Nacional;Total;De 30 a 34 años;Dato base;2020SM11;19
Total Nacional;Total;De 30 a 34 años;Dato base;2020SM10;28
Total Nacional;Total;De 30 a 34 años;Dato base;2020SM09;22
Total Nacional;Total;De 30 a 34 años;Dato base;2020SM08;17
Total Nacional;Total;De 30 a 34 años;Dato base;2020SM07;19
Total Nacional;Total;De 30 a 34 años;Dato base;2020SM06;19
Total Nacional;Total;De 30 a 34 años;Dato base;2020SM05;23
Total Nacional;Total;De 30 a 34 años;Dato base;2020SM04;20
Total Nacional;Total;De 30 a 34 años;Dato base;2020SM03;19
Total Nacional;Total;De 30 a 34 años;Dato base;2020SM02;24
Total Nacional;Total;De 30 a 34 años;Dato base;2020SM01;27
Total Nacional;Total;De 35 a 39 años;Dato base;2020SM53;29
Total Nacional;Total;De 35 a 39 años;Dato base;2020SM52;34
Total Nacional;Total;De 35 a 39 años;Dato base;2020SM51;41
Total Nacional;Total;De 35 a 39 años;Dato base;2020SM50;36
Total Nacional;Total;De 35 a 39 años;Dato base;2020SM49;35
Total Nacional;Total;De 35 a 39 años;Dato base;2020SM48;30
Total Nacional;Total;De 35 a 39 años;Dato base;2020SM47;30
Total Nacional;Total;De 35 a 39 años;Dato base;2020SM46;29
Total Nacional;Total;De 35 a 39 años;Dato base;2020SM45;45
Total Nacional;Total;De 35 a 39 años;Dato base;2020SM44;38
Total Nacional;Total;De 35 a 39 años;Dato base;2020SM43;39
Total Nacional;Total;De 35 a 39 años;Dato base;2020SM42;27
Total Nacional;Total;De 35 a 39 años;Dato base;2020SM41;41
Total Nacional;Total;De 35 a 39 años;Dato base;2020SM40;27
Total Nacional;Total;De 35 a 39 años;Dato base;2020SM39;37
Total Nacional;Total;De 35 a 39 años;Dato base;2020SM38;36
Total Nacional;Total;De 35 a 39 años;Dato base;2020SM37;28
Total Nacional;Total;De 35 a 39 años;Dato base;2020SM36;45
Total Nacional;Total;De 35 a 39 años;Dato base;2020SM35;48
Total Nacional;Total;De 35 a 39 años;Dato base;2020SM34;35
Total Nacional;Total;De 35 a 39 años;Dato base;2020SM33;38
Total Nacional;Total;De 35 a 39 años;Dato base;2020SM32;41
Total Nacional;Total;De 35 a 39 años;Dato base;2020SM31;38
Total Nacional;Total;De 35 a 39 años;Dato base;2020SM30;33
Total Nacional;Total;De 35 a 39 años;Dato base;2020SM29;34
Total Nacional;Total;De 35 a 39 años;Dato base;2020SM28;40
Total Nacional;Total;De 35 a 39 años;Dato base;2020SM27;31
Total Nacional;Total;De 35 a 39 años;Dato base;2020SM26;31
Total Nacional;Total;De 35 a 39 años;Dato base;2020SM25;37
Total Nacional;Total;De 35 a 39 años;Dato base;2020SM24;36
Total Nacional;Total;De 35 a 39 años;Dato base;2020SM23;31
Total Nacional;Total;De 35 a 39 años;Dato base;2020SM22;29
Total Nacional;Total;De 35 a 39 años;Dato base;2020SM21;37
Total Nacional;Total;De 35 a 39 años;Dato base;2020SM20;35
Total Nacional;Total;De 35 a 39 años;Dato base;2020SM19;33
Total Nacional;Total;De 35 a 39 años;Dato base;2020SM18;27
Total Nacional;Total;De 35 a 39 años;Dato base;2020SM17;32
Total Nacional;Total;De 35 a 39 años;Dato base;2020SM16;29
Total Nacional;Total;De 35 a 39 años;Dato base;2020SM15;42
Total Nacional;Total;De 35 a 39 años;Dato base;2020SM14;42
Total Nacional;Total;De 35 a 39 años;Dato base;2020SM13;42
Total Nacional;Total;De 35 a 39 años;Dato base;2020SM12;42
Total Nacional;Total;De 35 a 39 años;Dato base;2020SM11;36
Total Nacional;Total;De 35 a 39 años;Dato base;2020SM10;34
Total Nacional;Total;De 35 a 39 años;Dato base;2020SM09;38
Total Nacional;Total;De 35 a 39 años;Dato base;2020SM08;37
Total Nacional;Total;De 35 a 39 años;Dato base;2020SM07;31
Total Nacional;Total;De 35 a 39 años;Dato base;2020SM06;36
Total Nacional;Total;De 35 a 39 años;Dato base;2020SM05;47
Total Nacional;Total;De 35 a 39 años;Dato base;2020SM04;26
Total Nacional;Total;De 35 a 39 años;Dato base;2020SM03;45
Total Nacional;Total;De 35 a 39 años;Dato base;2020SM02;32
Total Nacional;Total;De 35 a 39 años;Dato base;2020SM01;39
Total Nacional;Total;De 40 a 44 años;Dato base;2020SM53;72
Total Nacional;Total;De 40 a 44 años;Dato base;2020SM52;60
Total Nacional;Total;De 40 a 44 años;Dato base;2020SM51;71
Total Nacional;Total;De 40 a 44 años;Dato base;2020SM50;65
Total Nacional;Total;De 40 a 44 años;Dato base;2020SM49;67
Total Nacional;Total;De 40 a 44 años;Dato base;2020SM48;58
Total Nacional;Total;De 40 a 44 años;Dato base;2020SM47;82
Total Nacional;Total;De 40 a 44 años;Dato base;2020SM46;71
Total Nacional;Total;De 40 a 44 años;Dato base;2020SM45;79
Total Nacional;Total;De 40 a 44 años;Dato base;2020SM44;62
Total Nacional;Total;De 40 a 44 años;Dato base;2020SM43;78
Total Nacional;Total;De 40 a 44 años;Dato base;2020SM42;67
Total Nacional;Total;De 40 a 44 años;Dato base;2020SM41;68
Total Nacional;Total;De 40 a 44 años;Dato base;2020SM40;62
Total Nacional;Total;De 40 a 44 años;Dato base;2020SM39;80
Total Nacional;Total;De 40 a 44 años;Dato base;2020SM38;83
Total Nacional;Total;De 40 a 44 años;Dato base;2020SM37;71
Total Nacional;Total;De 40 a 44 años;Dato base;2020SM36;68
Total Nacional;Total;De 40 a 44 años;Dato base;2020SM35;74
Total Nacional;Total;De 40 a 44 años;Dato base;2020SM34;69
Total Nacional;Total;De 40 a 44 años;Dato base;2020SM33;64
Total Nacional;Total;De 40 a 44 años;Dato base;2020SM32;73
Total Nacional;Total;De 40 a 44 años;Dato base;2020SM31;80
Total Nacional;Total;De 40 a 44 años;Dato base;2020SM30;55
Total Nacional;Total;De 40 a 44 años;Dato base;2020SM29;66
Total Nacional;Total;De 40 a 44 años;Dato base;2020SM28;65
Total Nacional;Total;De 40 a 44 años;Dato base;2020SM27;73
Total Nacional;Total;De 40 a 44 años;Dato base;2020SM26;57
Total Nacional;Total;De 40 a 44 años;Dato base;2020SM25;49
Total Nacional;Total;De 40 a 44 años;Dato base;2020SM24;54
Total Nacional;Total;De 40 a 44 años;Dato base;2020SM23;69
Total Nacional;Total;De 40 a 44 años;Dato base;2020SM22;57
Total Nacional;Total;De 40 a 44 años;Dato base;2020SM21;48
Total Nacional;Total;De 40 a 44 años;Dato base;2020SM20;65
Total Nacional;Total;De 40 a 44 años;Dato base;2020SM19;65
Total Nacional;Total;De 40 a 44 años;Dato base;2020SM18;62
Total Nacional;Total;De 40 a 44 años;Dato base;2020SM17;62
Total Nacional;Total;De 40 a 44 años;Dato base;2020SM16;53
Total Nacional;Total;De 40 a 44 años;Dato base;2020SM15;71
Total Nacional;Total;De 40 a 44 años;Dato base;2020SM14;68
Total Nacional;Total;De 40 a 44 años;Dato base;2020SM13;79
Total Nacional;Total;De 40 a 44 años;Dato base;2020SM12;69
Total Nacional;Total;De 40 a 44 años;Dato base;2020SM11;49
Total Nacional;Total;De 40 a 44 años;Dato base;2020SM10;58
Total Nacional;Total;De 40 a 44 años;Dato base;2020SM09;55
Total Nacional;Total;De 40 a 44 años;Dato base;2020SM08;70
Total Nacional;Total;De 40 a 44 años;Dato base;2020SM07;63
Total Nacional;Total;De 40 a 44 años;Dato base;2020SM06;69
Total Nacional;Total;De 40 a 44 años;Dato base;2020SM05;76
Total Nacional;Total;De 40 a 44 años;Dato base;2020SM04;63
Total Nacional;Total;De 40 a 44 años;Dato base;2020SM03;54
Total Nacional;Total;De 40 a 44 años;Dato base;2020SM02;62
Total Nacional;Total;De 40 a 44 años;Dato base;2020SM01;79
Total Nacional;Total;De 45 a 49 años;Dato base;2020SM53;115
Total Nacional;Total;De 45 a 49 años;Dato base;2020SM52;102
Total Nacional;Total;De 45 a 49 años;Dato base;2020SM51;103
Total Nacional;Total;De 45 a 49 años;Dato base;2020SM50;126
Total Nacional;Total;De 45 a 49 años;Dato base;2020SM49;125
Total Nacional;Total;De 45 a 49 años;Dato base;2020SM48;112
Total Nacional;Total;De 45 a 49 años;Dato base;2020SM47;81
Total Nacional;Total;De 45 a 49 años;Dato base;2020SM46;112
Total Nacional;Total;De 45 a 49 años;Dato base;2020SM45;117
Total Nacional;Total;De 45 a 49 años;Dato base;2020SM44;111
Total Nacional;Total;De 45 a 49 años;Dato base;2020SM43;144
Total Nacional;Total;De 45 a 49 años;Dato base;2020SM42;126
Total Nacional;Total;De 45 a 49 años;Dato base;2020SM41;118
Total Nacional;Total;De 45 a 49 años;Dato base;2020SM40;132
Total Nacional;Total;De 45 a 49 años;Dato base;2020SM39;121
Total Nacional;Total;De 45 a 49 años;Dato base;2020SM38;116
Total Nacional;Total;De 45 a 49 años;Dato base;2020SM37;124
Total Nacional;Total;De 45 a 49 años;Dato base;2020SM36;100
Total Nacional;Total;De 45 a 49 años;Dato base;2020SM35;121
Total Nacional;Total;De 45 a 49 años;Dato base;2020SM34;124
Total Nacional;Total;De 45 a 49 años;Dato base;2020SM33;108
Total Nacional;Total;De 45 a 49 años;Dato base;2020SM32;111
Total Nacional;Total;De 45 a 49 años;Dato base;2020SM31;111
Total Nacional;Total;De 45 a 49 años;Dato base;2020SM30;98
Total Nacional;Total;De 45 a 49 años;Dato base;2020SM29;99
Total Nacional;Total;De 45 a 49 años;Dato base;2020SM28;119
Total Nacional;Total;De 45 a 49 años;Dato base;2020SM27;96
Total Nacional;Total;De 45 a 49 años;Dato base;2020SM26;97
Total Nacional;Total;De 45 a 49 años;Dato base;2020SM25;95
Total Nacional;Total;De 45 a 49 años;Dato base;2020SM24;100
Total Nacional;Total;De 45 a 49 años;Dato base;2020SM23;99
Total Nacional;Total;De 45 a 49 años;Dato base;2020SM22;113
Total Nacional;Total;De 45 a 49 años;Dato base;2020SM21;96
Total Nacional;Total;De 45 a 49 años;Dato base;2020SM20;94
Total Nacional;Total;De 45 a 49 años;Dato base;2020SM19;114
Total Nacional;Total;De 45 a 49 años;Dato base;2020SM18;99
Total Nacional;Total;De 45 a 49 años;Dato base;2020SM17;85
Total Nacional;Total;De 45 a 49 años;Dato base;2020SM16;129
Total Nacional;Total;De 45 a 49 años;Dato base;2020SM15;134
Total Nacional;Total;De 45 a 49 años;Dato base;2020SM14;148
Total Nacional;Total;De 45 a 49 años;Dato base;2020SM13;164
Total Nacional;Total;De 45 a 49 años;Dato base;2020SM12;144
Total Nacional;Total;De 45 a 49 años;Dato base;2020SM11;121
Total Nacional;Total;De 45 a 49 años;Dato base;2020SM10;114
Total Nacional;Total;De 45 a 49 años;Dato base;2020SM09;118
Total Nacional;Total;De 45 a 49 años;Dato base;2020SM08;113
Total Nacional;Total;De 45 a 49 años;Dato base;2020SM07;98
Total Nacional;Total;De 45 a 49 años;Dato base;2020SM06;101
Total Nacional;Total;De 45 a 49 años;Dato base;2020SM05;142
Total Nacional;Total;De 45 a 49 años;Dato base;2020SM04;119
Total Nacional;Total;De 45 a 49 años;Dato base;2020SM03;117
Total Nacional;Total;De 45 a 49 años;Dato base;2020SM02;106
Total Nacional;Total;De 45 a 49 años;Dato base;2020SM01;107
Total Nacional;Total;De 50 a 54 años;Dato base;2020SM53;185
Total Nacional;Total;De 50 a 54 años;Dato base;2020SM52;186
Total Nacional;Total;De 50 a 54 años;Dato base;2020SM51;227
Total Nacional;Total;De 50 a 54 años;Dato base;2020SM50;192
Total Nacional;Total;De 50 a 54 años;Dato base;2020SM49;181
Total Nacional;Total;De 50 a 54 años;Dato base;2020SM48;215
Total Nacional;Total;De 50 a 54 años;Dato base;2020SM47;210
Total Nacional;Total;De 50 a 54 años;Dato base;2020SM46;190
Total Nacional;Total;De 50 a 54 años;Dato base;2020SM45;190
Total Nacional;Total;De 50 a 54 años;Dato base;2020SM44;169
Total Nacional;Total;De 50 a 54 años;Dato base;2020SM43;218
Total Nacional;Total;De 50 a 54 años;Dato base;2020SM42;197
Total Nacional;Total;De 50 a 54 años;Dato base;2020SM41;191
Total Nacional;Total;De 50 a 54 años;Dato base;2020SM40;205
Total Nacional;Total;De 50 a 54 años;Dato base;2020SM39;184
Total Nacional;Total;De 50 a 54 años;Dato base;2020SM38;231
Total Nacional;Total;De 50 a 54 años;Dato base;2020SM37;177
Total Nacional;Total;De 50 a 54 años;Dato base;2020SM36;214
Total Nacional;Total;De 50 a 54 años;Dato base;2020SM35;215
Total Nacional;Total;De 50 a 54 años;Dato base;2020SM34;197
Total Nacional;Total;De 50 a 54 años;Dato base;2020SM33;204
Total Nacional;Total;De 50 a 54 años;Dato base;2020SM32;208
Total Nacional;Total;De 50 a 54 años;Dato base;2020SM31;208
Total Nacional;Total;De 50 a 54 años;Dato base;2020SM30;188
Total Nacional;Total;De 50 a 54 años;Dato base;2020SM29;196
Total Nacional;Total;De 50 a 54 años;Dato base;2020SM28;178
Total Nacional;Total;De 50 a 54 años;Dato base;2020SM27;171
Total Nacional;Total;De 50 a 54 años;Dato base;2020SM26;173
Total Nacional;Total;De 50 a 54 años;Dato base;2020SM25;176
Total Nacional;Total;De 50 a 54 años;Dato base;2020SM24;167
Total Nacional;Total;De 50 a 54 años;Dato base;2020SM23;169
Total Nacional;Total;De 50 a 54 años;Dato base;2020SM22;192
Total Nacional;Total;De 50 a 54 años;Dato base;2020SM21;177
Total Nacional;Total;De 50 a 54 años;Dato base;2020SM20;173
Total Nacional;Total;De 50 a 54 años;Dato base;2020SM19;182
Total Nacional;Total;De 50 a 54 años;Dato base;2020SM18;181
Total Nacional;Total;De 50 a 54 años;Dato base;2020SM17;171
Total Nacional;Total;De 50 a 54 años;Dato base;2020SM16;219
Total Nacional;Total;De 50 a 54 años;Dato base;2020SM15;213
Total Nacional;Total;De 50 a 54 años;Dato base;2020SM14;274
Total Nacional;Total;De 50 a 54 años;Dato base;2020SM13;260
Total Nacional;Total;De 50 a 54 años;Dato base;2020SM12;240
Total Nacional;Total;De 50 a 54 años;Dato base;2020SM11;201
Total Nacional;Total;De 50 a 54 años;Dato base;2020SM10;171
Total Nacional;Total;De 50 a 54 años;Dato base;2020SM09;193
Total Nacional;Total;De 50 a 54 años;Dato base;2020SM08;190
Total Nacional;Total;De 50 a 54 años;Dato base;2020SM07;161
Total Nacional;Total;De 50 a 54 años;Dato base;2020SM06;201
Total Nacional;Total;De 50 a 54 años;Dato base;2020SM05;209
Total Nacional;Total;De 50 a 54 años;Dato base;2020SM04;194
Total Nacional;Total;De 50 a 54 años;Dato base;2020SM03;212
Total Nacional;Total;De 50 a 54 años;Dato base;2020SM02;207
Total Nacional;Total;De 50 a 54 años;Dato base;2020SM01;198
Total Nacional;Total;De 55 a 59 años;Dato base;2020SM53;323
Total Nacional;Total;De 55 a 59 años;Dato base;2020SM52;306
Total Nacional;Total;De 55 a 59 años;Dato base;2020SM51;262
Total Nacional;Total;De 55 a 59 años;Dato base;2020SM50;307
Total Nacional;Total;De 55 a 59 años;Dato base;2020SM49;324
Total Nacional;Total;De 55 a 59 años;Dato base;2020SM48;283
Total Nacional;Total;De 55 a 59 años;Dato base;2020SM47;284
Total Nacional;Total;De 55 a 59 años;Dato base;2020SM46;320
Total Nacional;Total;De 55 a 59 años;Dato base;2020SM45;339
Total Nacional;Total;De 55 a 59 años;Dato base;2020SM44;333
Total Nacional;Total;De 55 a 59 años;Dato base;2020SM43;307
Total Nacional;Total;De 55 a 59 años;Dato base;2020SM42;264
Total Nacional;Total;De 55 a 59 años;Dato base;2020SM41;347
Total Nacional;Total;De 55 a 59 años;Dato base;2020SM40;297
Total Nacional;Total;De 55 a 59 años;Dato base;2020SM39;295
Total Nacional;Total;De 55 a 59 años;Dato base;2020SM38;273
Total Nacional;Total;De 55 a 59 años;Dato base;2020SM37;282
Total Nacional;Total;De 55 a 59 años;Dato base;2020SM36;311
Total Nacional;Total;De 55 a 59 años;Dato base;2020SM35;302
Total Nacional;Total;De 55 a 59 años;Dato base;2020SM34;266
Total Nacional;Total;De 55 a 59 años;Dato base;2020SM33;290
Total Nacional;Total;De 55 a 59 años;Dato base;2020SM32;278
Total Nacional;Total;De 55 a 59 años;Dato base;2020SM31;326
Total Nacional;Total;De 55 a 59 años;Dato base;2020SM30;294
Total Nacional;Total;De 55 a 59 años;Dato base;2020SM29;281
Total Nacional;Total;De 55 a 59 años;Dato base;2020SM28;304
Total Nacional;Total;De 55 a 59 años;Dato base;2020SM27;284
Total Nacional;Total;De 55 a 59 años;Dato base;2020SM26;269
Total Nacional;Total;De 55 a 59 años;Dato base;2020SM25;236
Total Nacional;Total;De 55 a 59 años;Dato base;2020SM24;259
Total Nacional;Total;De 55 a 59 años;Dato base;2020SM23;242
Total Nacional;Total;De 55 a 59 años;Dato base;2020SM22;287
Total Nacional;Total;De 55 a 59 años;Dato base;2020SM21;276
Total Nacional;Total;De 55 a 59 años;Dato base;2020SM20;266
Total Nacional;Total;De 55 a 59 años;Dato base;2020SM19;279
Total Nacional;Total;De 55 a 59 años;Dato base;2020SM18;271
Total Nacional;Total;De 55 a 59 años;Dato base;2020SM17;309
Total Nacional;Total;De 55 a 59 años;Dato base;2020SM16;362
Total Nacional;Total;De 55 a 59 años;Dato base;2020SM15;353
Total Nacional;Total;De 55 a 59 años;Dato base;2020SM14;434
Total Nacional;Total;De 55 a 59 años;Dato base;2020SM13;439
Total Nacional;Total;De 55 a 59 años;Dato base;2020SM12;356
Total Nacional;Total;De 55 a 59 años;Dato base;2020SM11;293
Total Nacional;Total;De 55 a 59 años;Dato base;2020SM10;271
Total Nacional;Total;De 55 a 59 años;Dato base;2020SM09;260
Total Nacional;Total;De 55 a 59 años;Dato base;2020SM08;303
Total Nacional;Total;De 55 a 59 años;Dato base;2020SM07;296
Total Nacional;Total;De 55 a 59 años;Dato base;2020SM06;287
Total Nacional;Total;De 55 a 59 años;Dato base;2020SM05;304
Total Nacional;Total;De 55 a 59 años;Dato base;2020SM04;313
Total Nacional;Total;De 55 a 59 años;Dato base;2020SM03;338
Total Nacional;Total;De 55 a 59 años;Dato base;2020SM02;281
Total Nacional;Total;De 55 a 59 años;Dato base;2020SM01;268
Total Nacional;Total;De 60 a 64 años;Dato base;2020SM53;447
Total Nacional;Total;De 60 a 64 años;Dato base;2020SM52;452
Total Nacional;Total;De 60 a 64 años;Dato base;2020SM51;474
Total Nacional;Total;De 60 a 64 años;Dato base;2020SM50;453
Total Nacional;Total;De 60 a 64 años;Dato base;2020SM49;425
Total Nacional;Total;De 60 a 64 años;Dato base;2020SM48;450
Total Nacional;Total;De 60 a 64 años;Dato base;2020SM47;449
Total Nacional;Total;De 60 a 64 años;Dato base;2020SM46;488
Total Nacional;Total;De 60 a 64 años;Dato base;2020SM45;469
Total Nacional;Total;De 60 a 64 años;Dato base;2020SM44;501
Total Nacional;Total;De 60 a 64 años;Dato base;2020SM43;418
Total Nacional;Total;De 60 a 64 años;Dato base;2020SM42;431
Total Nacional;Total;De 60 a 64 años;Dato base;2020SM41;457
Total Nacional;Total;De 60 a 64 años;Dato base;2020SM40;408
Total Nacional;Total;De 60 a 64 años;Dato base;2020SM39;393
Total Nacional;Total;De 60 a 64 años;Dato base;2020SM38;364
Total Nacional;Total;De 60 a 64 años;Dato base;2020SM37;410
Total Nacional;Total;De 60 a 64 años;Dato base;2020SM36;385
Total Nacional;Total;De 60 a 64 años;Dato base;2020SM35;403
Total Nacional;Total;De 60 a 64 años;Dato base;2020SM34;389
Total Nacional;Total;De 60 a 64 años;Dato base;2020SM33;389
Total Nacional;Total;De 60 a 64 años;Dato base;2020SM32;380
Total Nacional;Total;De 60 a 64 años;Dato base;2020SM31;385
Total Nacional;Total;De 60 a 64 años;Dato base;2020SM30;398
Total Nacional;Total;De 60 a 64 años;Dato base;2020SM29;349
Total Nacional;Total;De 60 a 64 años;Dato base;2020SM28;355
Total Nacional;Total;De 60 a 64 años;Dato base;2020SM27;401
Total Nacional;Total;De 60 a 64 años;Dato base;2020SM26;369
Total Nacional;Total;De 60 a 64 años;Dato base;2020SM25;319
Total Nacional;Total;De 60 a 64 años;Dato base;2020SM24;349
Total Nacional;Total;De 60 a 64 años;Dato base;2020SM23;343
Total Nacional;Total;De 60 a 64 años;Dato base;2020SM22;336
Total Nacional;Total;De 60 a 64 años;Dato base;2020SM21;394
Total Nacional;Total;De 60 a 64 años;Dato base;2020SM20;374
Total Nacional;Total;De 60 a 64 años;Dato base;2020SM19;396
Total Nacional;Total;De 60 a 64 años;Dato base;2020SM18;412
Total Nacional;Total;De 60 a 64 años;Dato base;2020SM17;416
Total Nacional;Total;De 60 a 64 años;Dato base;2020SM16;486
Total Nacional;Total;De 60 a 64 años;Dato base;2020SM15;504
Total Nacional;Total;De 60 a 64 años;Dato base;2020SM14;675
Total Nacional;Total;De 60 a 64 años;Dato base;2020SM13;698
Total Nacional;Total;De 60 a 64 años;Dato base;2020SM12;455
Total Nacional;Total;De 60 a 64 años;Dato base;2020SM11;422
Total Nacional;Total;De 60 a 64 años;Dato base;2020SM10;378
Total Nacional;Total;De 60 a 64 años;Dato base;2020SM09;369
Total Nacional;Total;De 60 a 64 años;Dato base;2020SM08;360
Total Nacional;Total;De 60 a 64 años;Dato base;2020SM07;379
Total Nacional;Total;De 60 a 64 años;Dato base;2020SM06;414
Total Nacional;Total;De 60 a 64 años;Dato base;2020SM05;459
Total Nacional;Total;De 60 a 64 años;Dato base;2020SM04;412
Total Nacional;Total;De 60 a 64 años;Dato base;2020SM03;416
Total Nacional;Total;De 60 a 64 años;Dato base;2020SM02;384
Total Nacional;Total;De 60 a 64 años;Dato base;2020SM01;389
Total Nacional;Total;De 65 a 69 años;Dato base;2020SM53;526
Total Nacional;Total;De 65 a 69 años;Dato base;2020SM52;503
Total Nacional;Total;De 65 a 69 años;Dato base;2020SM51;585
Total Nacional;Total;De 65 a 69 años;Dato base;2020SM50;576
Total Nacional;Total;De 65 a 69 años;Dato base;2020SM49;629
Total Nacional;Total;De 65 a 69 años;Dato base;2020SM48;573
Total Nacional;Total;De 65 a 69 años;Dato base;2020SM47;560
Total Nacional;Total;De 65 a 69 años;Dato base;2020SM46;576
Total Nacional;Total;De 65 a 69 años;Dato base;2020SM45;576
Total Nacional;Total;De 65 a 69 años;Dato base;2020SM44;583
Total Nacional;Total;De 65 a 69 años;Dato base;2020SM43;579
Total Nacional;Total;De 65 a 69 años;Dato base;2020SM42;518
Total Nacional;Total;De 65 a 69 años;Dato base;2020SM41;531
Total Nacional;Total;De 65 a 69 años;Dato base;2020SM40;540
Total Nacional;Total;De 65 a 69 años;Dato base;2020SM39;493
Total Nacional;Total;De 65 a 69 años;Dato base;2020SM38;483
Total Nacional;Total;De 65 a 69 años;Dato base;2020SM37;446
Total Nacional;Total;De 65 a 69 años;Dato base;2020SM36;465
Total Nacional;Total;De 65 a 69 años;Dato base;2020SM35;477
Total Nacional;Total;De 65 a 69 años;Dato base;2020SM34;437
Total Nacional;Total;De 65 a 69 años;Dato base;2020SM33;495
Total Nacional;Total;De 65 a 69 años;Dato base;2020SM32;473
Total Nacional;Total;De 65 a 69 años;Dato base;2020SM31;477
Total Nacional;Total;De 65 a 69 años;Dato base;2020SM30;452
Total Nacional;Total;De 65 a 69 años;Dato base;2020SM29;481
Total Nacional;Total;De 65 a 69 años;Dato base;2020SM28;480
Total Nacional;Total;De 65 a 69 años;Dato base;2020SM27;497
Total Nacional;Total;De 65 a 69 años;Dato base;2020SM26;417
Total Nacional;Total;De 65 a 69 años;Dato base;2020SM25;431
Total Nacional;Total;De 65 a 69 años;Dato base;2020SM24;385
Total Nacional;Total;De 65 a 69 años;Dato base;2020SM23;436
Total Nacional;Total;De 65 a 69 años;Dato base;2020SM22;458
Total Nacional;Total;De 65 a 69 años;Dato base;2020SM21;456
Total Nacional;Total;De 65 a 69 años;Dato base;2020SM20;422
Total Nacional;Total;De 65 a 69 años;Dato base;2020SM19;478
Total Nacional;Total;De 65 a 69 años;Dato base;2020SM18;486
Total Nacional;Total;De 65 a 69 años;Dato base;2020SM17;540
Total Nacional;Total;De 65 a 69 años;Dato base;2020SM16;608
Total Nacional;Total;De 65 a 69 años;Dato base;2020SM15;764
Total Nacional;Total;De 65 a 69 años;Dato base;2020SM14;940
Total Nacional;Total;De 65 a 69 años;Dato base;2020SM13;1.019
Total Nacional;Total;De 65 a 69 años;Dato base;2020SM12;638
Total Nacional;Total;De 65 a 69 años;Dato base;2020SM11;514
Total Nacional;Total;De 65 a 69 años;Dato base;2020SM10;481
Total Nacional;Total;De 65 a 69 años;Dato base;2020SM09;469
Total Nacional;Total;De 65 a 69 años;Dato base;2020SM08;453
Total Nacional;Total;De 65 a 69 años;Dato base;2020SM07;477
Total Nacional;Total;De 65 a 69 años;Dato base;2020SM06;517
Total Nacional;Total;De 65 a 69 años;Dato base;2020SM05;530
Total Nacional;Total;De 65 a 69 años;Dato base;2020SM04;548
Total Nacional;Total;De 65 a 69 años;Dato base;2020SM03;536
Total Nacional;Total;De 65 a 69 años;Dato base;2020SM02;516
Total Nacional;Total;De 65 a 69 años;Dato base;2020SM01;479
Total Nacional;Total;De 70 a 74 años  ;Dato base;2020SM53;774
Total Nacional;Total;De 70 a 74 años  ;Dato base;2020SM52;760
Total Nacional;Total;De 70 a 74 años  ;Dato base;2020SM51;768
Total Nacional;Total;De 70 a 74 años  ;Dato base;2020SM50;813
Total Nacional;Total;De 70 a 74 años  ;Dato base;2020SM49;788
Total Nacional;Total;De 70 a 74 años  ;Dato base;2020SM48;808
Total Nacional;Total;De 70 a 74 años  ;Dato base;2020SM47;815
Total Nacional;Total;De 70 a 74 años  ;Dato base;2020SM46;840
Total Nacional;Total;De 70 a 74 años  ;Dato base;2020SM45;840
Total Nacional;Total;De 70 a 74 años  ;Dato base;2020SM44;793
Total Nacional;Total;De 70 a 74 años  ;Dato base;2020SM43;783
Total Nacional;Total;De 70 a 74 años  ;Dato base;2020SM42;724
Total Nacional;Total;De 70 a 74 años  ;Dato base;2020SM41;716
Total Nacional;Total;De 70 a 74 años  ;Dato base;2020SM40;668
Total Nacional;Total;De 70 a 74 años  ;Dato base;2020SM39;666
Total Nacional;Total;De 70 a 74 años  ;Dato base;2020SM38;700
Total Nacional;Total;De 70 a 74 años  ;Dato base;2020SM37;666
Total Nacional;Total;De 70 a 74 años  ;Dato base;2020SM36;656
Total Nacional;Total;De 70 a 74 años  ;Dato base;2020SM35;637
Total Nacional;Total;De 70 a 74 años  ;Dato base;2020SM34;631
Total Nacional;Total;De 70 a 74 años  ;Dato base;2020SM33;643
Total Nacional;Total;De 70 a 74 años  ;Dato base;2020SM32;631
Total Nacional;Total;De 70 a 74 años  ;Dato base;2020SM31;646
Total Nacional;Total;De 70 a 74 años  ;Dato base;2020SM30;593
Total Nacional;Total;De 70 a 74 años  ;Dato base;2020SM29;613
Total Nacional;Total;De 70 a 74 años  ;Dato base;2020SM28;612
Total Nacional;Total;De 70 a 74 años  ;Dato base;2020SM27;627
Total Nacional;Total;De 70 a 74 años  ;Dato base;2020SM26;604
Total Nacional;Total;De 70 a 74 años  ;Dato base;2020SM25;540
Total Nacional;Total;De 70 a 74 años  ;Dato base;2020SM24;548
Total Nacional;Total;De 70 a 74 años  ;Dato base;2020SM23;609
Total Nacional;Total;De 70 a 74 años  ;Dato base;2020SM22;557
Total Nacional;Total;De 70 a 74 años  ;Dato base;2020SM21;625
Total Nacional;Total;De 70 a 74 años  ;Dato base;2020SM20;612
Total Nacional;Total;De 70 a 74 años  ;Dato base;2020SM19;687
Total Nacional;Total;De 70 a 74 años  ;Dato base;2020SM18;709
Total Nacional;Total;De 70 a 74 años  ;Dato base;2020SM17;769
Total Nacional;Total;De 70 a 74 años  ;Dato base;2020SM16;900
Total Nacional;Total;De 70 a 74 años  ;Dato base;2020SM15;1.189
Total Nacional;Total;De 70 a 74 años  ;Dato base;2020SM14;1.540
Total Nacional;Total;De 70 a 74 años  ;Dato base;2020SM13;1.717
Total Nacional;Total;De 70 a 74 años  ;Dato base;2020SM12;1.047
Total Nacional;Total;De 70 a 74 años  ;Dato base;2020SM11;753
Total Nacional;Total;De 70 a 74 años  ;Dato base;2020SM10;646
Total Nacional;Total;De 70 a 74 años  ;Dato base;2020SM09;611
Total Nacional;Total;De 70 a 74 años  ;Dato base;2020SM08;662
Total Nacional;Total;De 70 a 74 años  ;Dato base;2020SM07;688
Total Nacional;Total;De 70 a 74 años  ;Dato base;2020SM06;688
Total Nacional;Total;De 70 a 74 años  ;Dato base;2020SM05;707
Total Nacional;Total;De 70 a 74 años  ;Dato base;2020SM04;799
Total Nacional;Total;De 70 a 74 años  ;Dato base;2020SM03;763
Total Nacional;Total;De 70 a 74 años  ;Dato base;2020SM02;673
Total Nacional;Total;De 70 a 74 años  ;Dato base;2020SM01;700
Total Nacional;Total;De 75 a 79 años  ;Dato base;2020SM53;1.024
Total Nacional;Total;De 75 a 79 años  ;Dato base;2020SM52;973
Total Nacional;Total;De 75 a 79 años  ;Dato base;2020SM51;972
Total Nacional;Total;De 75 a 79 años  ;Dato base;2020SM50;995
Total Nacional;Total;De 75 a 79 años  ;Dato base;2020SM49;1.033
Total Nacional;Total;De 75 a 79 años  ;Dato base;2020SM48;1.067
Total Nacional;Total;De 75 a 79 años  ;Dato base;2020SM47;1.109
Total Nacional;Total;De 75 a 79 años  ;Dato base;2020SM46;1.078
Total Nacional;Total;De 75 a 79 años  ;Dato base;2020SM45;1.133
Total Nacional;Total;De 75 a 79 años  ;Dato base;2020SM44;1.133
Total Nacional;Total;De 75 a 79 años  ;Dato base;2020SM43;1.012
Total Nacional;Total;De 75 a 79 años  ;Dato base;2020SM42;956
Total Nacional;Total;De 75 a 79 años  ;Dato base;2020SM41;947
Total Nacional;Total;De 75 a 79 años  ;Dato base;2020SM40;898
Total Nacional;Total;De 75 a 79 años  ;Dato base;2020SM39;945
Total Nacional;Total;De 75 a 79 años  ;Dato base;2020SM38;874
Total Nacional;Total;De 75 a 79 años  ;Dato base;2020SM37;904
Total Nacional;Total;De 75 a 79 años  ;Dato base;2020SM36;834
Total Nacional;Total;De 75 a 79 años  ;Dato base;2020SM35;887
Total Nacional;Total;De 75 a 79 años  ;Dato base;2020SM34;826
Total Nacional;Total;De 75 a 79 años  ;Dato base;2020SM33;866
Total Nacional;Total;De 75 a 79 años  ;Dato base;2020SM32;906
Total Nacional;Total;De 75 a 79 años  ;Dato base;2020SM31;892
Total Nacional;Total;De 75 a 79 años  ;Dato base;2020SM30;836
Total Nacional;Total;De 75 a 79 años  ;Dato base;2020SM29;812
Total Nacional;Total;De 75 a 79 años  ;Dato base;2020SM28;817
Total Nacional;Total;De 75 a 79 años  ;Dato base;2020SM27;780
Total Nacional;Total;De 75 a 79 años  ;Dato base;2020SM26;787
Total Nacional;Total;De 75 a 79 años  ;Dato base;2020SM25;713
Total Nacional;Total;De 75 a 79 años  ;Dato base;2020SM24;722
Total Nacional;Total;De 75 a 79 años  ;Dato base;2020SM23;709
Total Nacional;Total;De 75 a 79 años  ;Dato base;2020SM22;762
Total Nacional;Total;De 75 a 79 años  ;Dato base;2020SM21;800
Total Nacional;Total;De 75 a 79 años  ;Dato base;2020SM20;840
Total Nacional;Total;De 75 a 79 años  ;Dato base;2020SM19;848
Total Nacional;Total;De 75 a 79 años  ;Dato base;2020SM18;908
Total Nacional;Total;De 75 a 79 años  ;Dato base;2020SM17;1.014
Total Nacional;Total;De 75 a 79 años  ;Dato base;2020SM16;1.269
Total Nacional;Total;De 75 a 79 años  ;Dato base;2020SM15;1.734
Total Nacional;Total;De 75 a 79 años  ;Dato base;2020SM14;2.329
Total Nacional;Total;De 75 a 79 años  ;Dato base;2020SM13;2.526
Total Nacional;Total;De 75 a 79 años  ;Dato base;2020SM12;1.486
Total Nacional;Total;De 75 a 79 años  ;Dato base;2020SM11;1.009
Total Nacional;Total;De 75 a 79 años  ;Dato base;2020SM10;901
Total Nacional;Total;De 75 a 79 años  ;Dato base;2020SM09;815
Total Nacional;Total;De 75 a 79 años  ;Dato base;2020SM08;889
Total Nacional;Total;De 75 a 79 años  ;Dato base;2020SM07;931
Total Nacional;Total;De 75 a 79 años  ;Dato base;2020SM06;925
Total Nacional;Total;De 75 a 79 años  ;Dato base;2020SM05;1.039
Total Nacional;Total;De 75 a 79 años  ;Dato base;2020SM04;985
Total Nacional;Total;De 75 a 79 años  ;Dato base;2020SM03;1.041
Total Nacional;Total;De 75 a 79 años  ;Dato base;2020SM02;948
Total Nacional;Total;De 75 a 79 años  ;Dato base;2020SM01;899
Total Nacional;Total;De 80 a 84 años  ;Dato base;2020SM53;1.399
Total Nacional;Total;De 80 a 84 años  ;Dato base;2020SM52;1.335
Total Nacional;Total;De 80 a 84 años  ;Dato base;2020SM51;1.421
Total Nacional;Total;De 80 a 84 años  ;Dato base;2020SM50;1.436
Total Nacional;Total;De 80 a 84 años  ;Dato base;2020SM49;1.498
Total Nacional;Total;De 80 a 84 años  ;Dato base;2020SM48;1.484
Total Nacional;Total;De 80 a 84 años  ;Dato base;2020SM47;1.473
Total Nacional;Total;De 80 a 84 años  ;Dato base;2020SM46;1.610
Total Nacional;Total;De 80 a 84 años  ;Dato base;2020SM45;1.681
Total Nacional;Total;De 80 a 84 años  ;Dato base;2020SM44;1.483
Total Nacional;Total;De 80 a 84 años  ;Dato base;2020SM43;1.444
Total Nacional;Total;De 80 a 84 años  ;Dato base;2020SM42;1.370
Total Nacional;Total;De 80 a 84 años  ;Dato base;2020SM41;1.263
Total Nacional;Total;De 80 a 84 años  ;Dato base;2020SM40;1.250
Total Nacional;Total;De 80 a 84 años  ;Dato base;2020SM39;1.235
Total Nacional;Total;De 80 a 84 años  ;Dato base;2020SM38;1.213
Total Nacional;Total;De 80 a 84 años  ;Dato base;2020SM37;1.229
Total Nacional;Total;De 80 a 84 años  ;Dato base;2020SM36;1.172
Total Nacional;Total;De 80 a 84 años  ;Dato base;2020SM35;1.174
Total Nacional;Total;De 80 a 84 años  ;Dato base;2020SM34;1.173
Total Nacional;Total;De 80 a 84 años  ;Dato base;2020SM33;1.246
Total Nacional;Total;De 80 a 84 años  ;Dato base;2020SM32;1.294
Total Nacional;Total;De 80 a 84 años  ;Dato base;2020SM31;1.296
Total Nacional;Total;De 80 a 84 años  ;Dato base;2020SM30;1.141
Total Nacional;Total;De 80 a 84 años  ;Dato base;2020SM29;1.152
Total Nacional;Total;De 80 a 84 años  ;Dato base;2020SM28;1.150
Total Nacional;Total;De 80 a 84 años  ;Dato base;2020SM27;1.153
Total Nacional;Total;De 80 a 84 años  ;Dato base;2020SM26;1.067
Total Nacional;Total;De 80 a 84 años  ;Dato base;2020SM25;1.061
Total Nacional;Total;De 80 a 84 años  ;Dato base;2020SM24;1.018
Total Nacional;Total;De 80 a 84 años  ;Dato base;2020SM23;1.058
Total Nacional;Total;De 80 a 84 años  ;Dato base;2020SM22;1.073
Total Nacional;Total;De 80 a 84 años  ;Dato base;2020SM21;1.113
Total Nacional;Total;De 80 a 84 años  ;Dato base;2020SM20;1.082
Total Nacional;Total;De 80 a 84 años  ;Dato base;2020SM19;1.181
Total Nacional;Total;De 80 a 84 años  ;Dato base;2020SM18;1.300
Total Nacional;Total;De 80 a 84 años  ;Dato base;2020SM17;1.544
Total Nacional;Total;De 80 a 84 años  ;Dato base;2020SM16;1.959
Total Nacional;Total;De 80 a 84 años  ;Dato base;2020SM15;2.692
Total Nacional;Total;De 80 a 84 años  ;Dato base;2020SM14;3.372
Total Nacional;Total;De 80 a 84 años  ;Dato base;2020SM13;3.300
Total Nacional;Total;De 80 a 84 años  ;Dato base;2020SM12;2.088
Total Nacional;Total;De 80 a 84 años  ;Dato base;2020SM11;1.412
Total Nacional;Total;De 80 a 84 años  ;Dato base;2020SM10;1.243
Total Nacional;Total;De 80 a 84 años  ;Dato base;2020SM09;1.213
Total Nacional;Total;De 80 a 84 años  ;Dato base;2020SM08;1.239
Total Nacional;Total;De 80 a 84 años  ;Dato base;2020SM07;1.319
Total Nacional;Total;De 80 a 84 años  ;Dato base;2020SM06;1.360
Total Nacional;Total;De 80 a 84 años  ;Dato base;2020SM05;1.399
Total Nacional;Total;De 80 a 84 años  ;Dato base;2020SM04;1.460
Total Nacional;Total;De 80 a 84 años  ;Dato base;2020SM03;1.461
Total Nacional;Total;De 80 a 84 años  ;Dato base;2020SM02;1.437
Total Nacional;Total;De 80 a 84 años  ;Dato base;2020SM01;1.208
Total Nacional;Total;De 85 a 89 años  ;Dato base;2020SM53;2.039
Total Nacional;Total;De 85 a 89 años  ;Dato base;2020SM52;1.980
Total Nacional;Total;De 85 a 89 años  ;Dato base;2020SM51;2.051
Total Nacional;Total;De 85 a 89 años  ;Dato base;2020SM50;2.083
Total Nacional;Total;De 85 a 89 años  ;Dato base;2020SM49;2.055
Total Nacional;Total;De 85 a 89 años  ;Dato base;2020SM48;2.105
Total Nacional;Total;De 85 a 89 años  ;Dato base;2020SM47;2.278
Total Nacional;Total;De 85 a 89 años  ;Dato base;2020SM46;2.310
Total Nacional;Total;De 85 a 89 años  ;Dato base;2020SM45;2.315
Total Nacional;Total;De 85 a 89 años  ;Dato base;2020SM44;2.145
Total Nacional;Total;De 85 a 89 años  ;Dato base;2020SM43;2.127
Total Nacional;Total;De 85 a 89 años  ;Dato base;2020SM42;1.843
Total Nacional;Total;De 85 a 89 años  ;Dato base;2020SM41;1.901
Total Nacional;Total;De 85 a 89 años  ;Dato base;2020SM40;1.765
Total Nacional;Total;De 85 a 89 años  ;Dato base;2020SM39;1.724
Total Nacional;Total;De 85 a 89 años  ;Dato base;2020SM38;1.807
Total Nacional;Total;De 85 a 89 años  ;Dato base;2020SM37;1.718
Total Nacional;Total;De 85 a 89 años  ;Dato base;2020SM36;1.656
Total Nacional;Total;De 85 a 89 años  ;Dato base;2020SM35;1.645
Total Nacional;Total;De 85 a 89 años  ;Dato base;2020SM34;1.699
Total Nacional;Total;De 85 a 89 años  ;Dato base;2020SM33;1.725
Total Nacional;Total;De 85 a 89 años  ;Dato base;2020SM32;1.786
Total Nacional;Total;De 85 a 89 años  ;Dato base;2020SM31;1.862
Total Nacional;Total;De 85 a 89 años  ;Dato base;2020SM30;1.753
Total Nacional;Total;De 85 a 89 años  ;Dato base;2020SM29;1.614
Total Nacional;Total;De 85 a 89 años  ;Dato base;2020SM28;1.665
Total Nacional;Total;De 85 a 89 años  ;Dato base;2020SM27;1.647
Total Nacional;Total;De 85 a 89 años  ;Dato base;2020SM26;1.503
Total Nacional;Total;De 85 a 89 años  ;Dato base;2020SM25;1.495
Total Nacional;Total;De 85 a 89 años  ;Dato base;2020SM24;1.381
Total Nacional;Total;De 85 a 89 años  ;Dato base;2020SM23;1.428
Total Nacional;Total;De 85 a 89 años  ;Dato base;2020SM22;1.612
Total Nacional;Total;De 85 a 89 años  ;Dato base;2020SM21;1.531
Total Nacional;Total;De 85 a 89 años  ;Dato base;2020SM20;1.632
Total Nacional;Total;De 85 a 89 años  ;Dato base;2020SM19;1.801
Total Nacional;Total;De 85 a 89 años  ;Dato base;2020SM18;1.999
Total Nacional;Total;De 85 a 89 años  ;Dato base;2020SM17;2.301
Total Nacional;Total;De 85 a 89 años  ;Dato base;2020SM16;3.062
Total Nacional;Total;De 85 a 89 años  ;Dato base;2020SM15;4.098
Total Nacional;Total;De 85 a 89 años  ;Dato base;2020SM14;4.893
Total Nacional;Total;De 85 a 89 años  ;Dato base;2020SM13;4.402
Total Nacional;Total;De 85 a 89 años  ;Dato base;2020SM12;2.920
Total Nacional;Total;De 85 a 89 años  ;Dato base;2020SM11;2.059
Total Nacional;Total;De 85 a 89 años  ;Dato base;2020SM10;1.853
Total Nacional;Total;De 85 a 89 años  ;Dato base;2020SM09;1.795
Total Nacional;Total;De 85 a 89 años  ;Dato base;2020SM08;1.789
Total Nacional;Total;De 85 a 89 años  ;Dato base;2020SM07;1.883
Total Nacional;Total;De 85 a 89 años  ;Dato base;2020SM06;1.899
Total Nacional;Total;De 85 a 89 años  ;Dato base;2020SM05;2.223
Total Nacional;Total;De 85 a 89 años  ;Dato base;2020SM04;2.241
Total Nacional;Total;De 85 a 89 años  ;Dato base;2020SM03;2.174
Total Nacional;Total;De 85 a 89 años  ;Dato base;2020SM02;2.054
Total Nacional;Total;De 85 a 89 años  ;Dato base;2020SM01;1.898
Total Nacional;Total;90 y más años;Dato base;2020SM53;2.415
Total Nacional;Total;90 y más años;Dato base;2020SM52;2.388
Total Nacional;Total;90 y más años;Dato base;2020SM51;2.471
Total Nacional;Total;90 y más años;Dato base;2020SM50;2.518
Total Nacional;Total;90 y más años;Dato base;2020SM49;2.529
Total Nacional;Total;90 y más años;Dato base;2020SM48;2.498
Total Nacional;Total;90 y más años;Dato base;2020SM47;2.507
Total Nacional;Total;90 y más años;Dato base;2020SM46;2.558
Total Nacional;Total;90 y más años;Dato base;2020SM45;2.739
Total Nacional;Total;90 y más años;Dato base;2020SM44;2.426
Total Nacional;Total;90 y más años;Dato base;2020SM43;2.474
Total Nacional;Total;90 y más años;Dato base;2020SM42;2.172
Total Nacional;Total;90 y más años;Dato base;2020SM41;2.147
Total Nacional;Total;90 y más años;Dato base;2020SM40;2.002
Total Nacional;Total;90 y más años;Dato base;2020SM39;2.021
Total Nacional;Total;90 y más años;Dato base;2020SM38;2.067
Total Nacional;Total;90 y más años;Dato base;2020SM37;2.033
Total Nacional;Total;90 y más años;Dato base;2020SM36;1.922
Total Nacional;Total;90 y más años;Dato base;2020SM35;1.973
Total Nacional;Total;90 y más años;Dato base;2020SM34;2.066
Total Nacional;Total;90 y más años;Dato base;2020SM33;2.129
Total Nacional;Total;90 y más años;Dato base;2020SM32;2.270
Total Nacional;Total;90 y más años;Dato base;2020SM31;2.215
Total Nacional;Total;90 y más años;Dato base;2020SM30;2.006
Total Nacional;Total;90 y más años;Dato base;2020SM29;1.943
Total Nacional;Total;90 y más años;Dato base;2020SM28;1.987
Total Nacional;Total;90 y más años;Dato base;2020SM27;1.996
Total Nacional;Total;90 y más años;Dato base;2020SM26;1.953
Total Nacional;Total;90 y más años;Dato base;2020SM25;1.716
Total Nacional;Total;90 y más años;Dato base;2020SM24;1.643
Total Nacional;Total;90 y más años;Dato base;2020SM23;1.772
Total Nacional;Total;90 y más años;Dato base;2020SM22;1.953
Total Nacional;Total;90 y más años;Dato base;2020SM21;1.942
Total Nacional;Total;90 y más años;Dato base;2020SM20;1.810
Total Nacional;Total;90 y más años;Dato base;2020SM19;2.225
Total Nacional;Total;90 y más años;Dato base;2020SM18;2.416
Total Nacional;Total;90 y más años;Dato base;2020SM17;3.044
Total Nacional;Total;90 y más años;Dato base;2020SM16;4.003
Total Nacional;Total;90 y más años;Dato base;2020SM15;5.318
Total Nacional;Total;90 y más años;Dato base;2020SM14;6.018
Total Nacional;Total;90 y más años;Dato base;2020SM13;4.954
Total Nacional;Total;90 y más años;Dato base;2020SM12;3.158
Total Nacional;Total;90 y más años;Dato base;2020SM11;2.457
Total Nacional;Total;90 y más años;Dato base;2020SM10;2.145
Total Nacional;Total;90 y más años;Dato base;2020SM09;2.285
Total Nacional;Total;90 y más años;Dato base;2020SM08;2.173
Total Nacional;Total;90 y más años;Dato base;2020SM07;2.321
Total Nacional;Total;90 y más años;Dato base;2020SM06;2.499
Total Nacional;Total;90 y más años;Dato base;2020SM05;2.640
Total Nacional;Total;90 y más años;Dato base;2020SM04;2.634
Total Nacional;Total;90 y más años;Dato base;2020SM03;2.630
Total Nacional;Total;90 y más años;Dato base;2020SM02;2.543
Total Nacional;Total;90 y más años;Dato base;2020SM01;2.310
